Paper,Filename,RefIndex,RefNum,PredictedStatus,RawCitation,ReviewCategory,ReviewNote
"PMC9898905.pdf","post.zip/PMC9898905.pdf","26","27","not_found","Larsson SC, Traylor M, Malik R, Dichgans M, Burgess S, Markus HS. CoStream consortium obotIGoAsP: modifiable pathways in Alzheimer’s disease: Mendelian randomisation analysis. BMJ. 2017;359:j5375.","Reference generator format mistake","really weird abbreaviation obotIGoAsP"
"PMC10391745.pdf","post.zip/PMC10391745.pdf","10","11","not_found","Westbrook D, Kennerley HJK. An introduction to cognitive behaviour therapy: skills and applications. An introduction to cognitive behaviour therapy: skills and applications. London, UK: SAGE Publications; 2008.","Reference generator format mistake","title is repeated and author section is wrong"
"PMC10588186.pdf","post.zip/PMC10588186.pdf","23","24","not_found","Qin S, Chan S, Gu S, Bai Y, Ren Z, Lin X, et al. Camrelizumab plus rivocer‑ anib vs. sorafenib as first-line therapy for unresectable hepatocellular carcinoma. ESMO 2022. 2022;33(7):S808-69.","Missing part of title/reference","missing the rest of the title"
"PMC10626685.pdf","post.zip/PMC10626685.pdf","25","26","not_found","Giroux É. Naturalism in the philosophy of health: issues and implications. Dodrecht: Springer; 2016.","Typo","Dodrecht should be Dordrecht"
"PMC10626685.pdf","post.zip/PMC10626685.pdf","26","27","not_found","World Health Organizatoin. Preamble to the Constitution of the World Health Organization. Geneva: World Health Organizatoin; 1946.","Typo","Organizatoin"
"PMC10626685.pdf","post.zip/PMC10626685.pdf","44","45","not_found","Kant I. Anthropologie. Göttingen: Akademie Ausgabe; 1798.","Paper not found","year or title may be wrong"
"PMC10644438.pdf","post.zip/PMC10644438.pdf","8","9","not_found","Zhang Q, Wang Y, Trends in the association between obesity and socioeconomic status in U.S. adults,. to 2000. Obes Res. 1971;2004(12):1622–32.","Missing part of title/reference","missing 1971 before to 2000"
"PMC11035142.pdf","post.zip/PMC11035142.pdf","22","23","not_found","National Board of Health and Welfare. valuation of diagnostic quality for acute myocardial infarction in the Swedish Inpatient Registry 1987 and 1995 [in Swedish]. Stockholm, Sweden: Epidemiologiskt Centrum, Socialstyrelsen; 2000.","Typo","valuation and epidemiologiskt. And can't find paper since it may be translated"
"PMC11188177.pdf","post.zip/PMC11188177.pdf","5","6","not_found","Chen GF, Xu TH, Yan Y, Zhou YR, Jiang Y, Melcher K, et al. Amyloid-β (1–42) beta: structure, biology and structure-based therapeutic development. Acta Pharmacol Sin. 2017;38(9):1205–35.","Typo","Beta repeated when in the title it is not"
"PMC11188177.pdf","post.zip/PMC11188177.pdf","7","8","not_found","Hampel H, Hardy J, Blennow K, Chen C, Perry G, Kim SH, et al. The amyloid-β (1–42)-β pathway in Alzheimer’s disease. Mol Psychiatry. 2021;26(10):5481–503.","Typo","Beta repeated when in the title it is not"
"PMC11188177.pdf","post.zip/PMC11188177.pdf","9","10","not_found","Gu L, Guo Z. Alzheimer’s Aβ42 and Aβ40 peptides form interlaced Amyloid-β (1–42) fibrils. J Neurochem. 2013;126(3):305–11.","Typo","(1-42) is not in the paper title"
"PMC11188177.pdf","post.zip/PMC11188177.pdf","59","60","not_found","Yuyama K, Igarashi Y. Exosomes as carriers of Alzheimer’s amyloid-β (1–42)-ß. Front Neurosci. 2017;11:00229.","Typo","Beta repeated when in the title it is not"
"PMC11345970.pdf","post.zip/PMC11345970.pdf","12","13","not_found","Mattiuzzo DH, M. Australia Online Grocery Report 2022: Essential Insights into Australian Online Food Retailing: 2022 and Beyond. Spryker; 2022.","Author mistake","Can't find this author"
"PMC11367775.pdf","post.zip/PMC11367775.pdf","2","3","not_found","European Medicines Agency Committee for Medicinal Products for Human Use. 2 to the Guideline on the Evaluation of Anticancer Medicinal Products in Man: The Use of Patient-Reported Outcome (PRO) Measures in Oncology Studies EMA/CHMP/292464/2014. London, England: European Medicines Agency; 2016.","Missing part of title/reference","Missing Appendix before 2"
"PMC11580671.pdf","post.zip/PMC11580671.pdf","15","16","not_found","He FF, Wang SM, Zheng RS, Gu JH, Zeng HM, Sun KX, Trends of gastric cancer burdens attributable to risk factors in China from, et al. to 2050. Lancet Regional Health-Western Pacific. 2000;2024:44.","Reference generator format mistake","title and the rest of author section are mixed"
"PMC11846311.pdf","post.zip/PMC11846311.pdf","27","28","not_found","Wilcken N, Zdenkowski N, White M, Snyder R, Pittman K, Mainwaring P, et al. Systemic treatment of HER2-overexpression metastatic breast cancer: A systematic review. Asia Pac J Clin Oncol. 2014;10 Suppl S4:1–14.","Typo","not overexpression, it is positive"
"PMC12016352.pdf","post.zip/PMC12016352.pdf","38","39","not_found","National Health Security Office (NHSO). NHSB gives nod to reimbursement payment for kidney patients opting for HD. 2022.","Paper not found","It is an announcement, not a paper"
"PMC12016352.pdf","post.zip/PMC12016352.pdf","46","47","not_found","Learning Committee on Dialysis Policy in Thailand. Comparing Thai UHC’s kidney dialysis policies issued in 2008 and 2022 . Nonthaburi: Health Intervention and Technology Assessment Program (HITAP); 2023.","Missing part of title/reference","Can't find the exact title"
"PMC12121138.pdf","post.zip/PMC12121138.pdf","28","29","not_found","consortium M-I. The MRC-IEU Open GWAS project: data-sharing resources and workshop. 2017 BMC Research Notes. 2018;11(1):563.","Missing part of title/reference","Author is wrong and title seems to be different that the actual paper it resembles"
"PMC12121219.pdf","post.zip/PMC12121219.pdf","13","14","not_found","World Health Orgazniation. Global Youth Tobacco Survey Pakistan 2013. 2014.","Typo","Orgazniation"
"PMC12121219.pdf","post.zip/PMC12121219.pdf","25","26","mismatch","World Health Orgniazation. WHO framework convention on tobacco control. Vol. 77, Revista Espanola de Salud Publica. Geneva; 2003. p. 475–96. Available from: https://​apps.​who.​int/​iris/​bitst​ream/​handle/​10665/​42811/​ 92415​91013.​pdf;​jsess​ionid=​E307C​D6071​29527​15398​9FD21​1CBA2​9A?​ seque​nce=1.","Typo","Orgniazation"
"PMC12261565.pdf","post.zip/PMC12261565.pdf","28","29","not_found","NHS Digital. Critical care – average length of stay by discharge day, 2019–20. NHS Digital; 2021.","Paper not found","this is not an official title I could find"
"PMC10099882.pdf","post.zip/PMC10099882.pdf","8","9","not_found","www.​health.​gov.​za/​index.​php/​short​codes/​2015-​03-​29-​10-​42-​47/​2015-​ 04-​30-​08-​18-​10/​2015-​04-​30-​08-​21-​56%​3Fdow​nload%​3D2584:​2015-​ natio​nal-​anten​atal-​hiv-​preva​lence-​survey-​final-​23oct​17+​&​cd=​1&​hl=​ en&​ct=​clnk&​gl=​za. Accessed 17 May 2019.","Missing part of title/reference","no authors or title and can't access link"
"PMC10268422.pdf","post.zip/PMC10268422.pdf","3","4","not_found","National Blood Pressure Sampling Survey Collaboration Group. Prevalence, awareness, treatment and control of HTN in China: results of a sample survey in 1991. 1995.","Paper not found","written differently than online"
"PMC10268422.pdf","post.zip/PMC10268422.pdf","9","10","not_found","Chen Weiwei, ZHU Manlu, He Xinye, Li Wei, Wang Yang, Jia Xuan, et al. Play the role of health examination in the prevention and treatment of HTN in functional communities. Chin Med J 2010; 4(2): 3.","Paper not found","Can't find it anywhere, might also be translated from a different language"
"PMC10268422.pdf","post.zip/PMC10268422.pdf","12","13","not_found","Rui G, Zengwu W, Xin W, Linfeng Z, Zuo C, Min G, et al. HTN of occupational crowd in some province of our country is suffering from current situation and influence factor. Chin J Circulation. 2014;29(3):172–5.","Paper not found","Can't find it anywhere, might also be translated from a different language"
"PMC10268422.pdf","post.zip/PMC10268422.pdf","42","43","not_found","Hui Li, Hui C, Yiqing L. Analysis on influencing factors of health literacy of urban and rural residents in Liaoning province. Health Education in China. 2012;28(02):125–7.","Paper not found","Can't find it anywhere, might also be translated from a different language"
"PMC9843951.pdf","post.zip/PMC9843951.pdf","34","35","not_found","Tinker SC, Broussard CS, Frey MT, Gilboa SM. Prevalence of prescription medica‑ tion use among non-pregnant women of childbearing age and pregnant women in the United HHS Public Access. Matern Child Heal. J. 2015;19:1097–106.","Missing part of title/reference","missing part of the title after United"
"PMC11871686.pdf","post.zip/PMC11871686.pdf","152","153","not_found","Joshi B, Ch, i A, Srinivasan R, Saini SS, Prasad GRV, The placental pathology in Coronavirus disease, et al. infected mothers and its impact on pregnancy outcome. Placenta. 2019;2022(127):1–7.","Reference generator format mistake","author list and title are a bit mixed"
"PMC12219715.pdf","post.zip/PMC12219715.pdf","5","6","not_found","Frank L.J. Visseren*, Francois Mach* YMS, David Carballo, Konstantinos C. Koskinas, Maria B€ack, Athanase Benetos AB, Jose´-Manuel Boavida, Davide Capodanno, Bernard Cosyns, Carolyn Crawford, Constantinos H. Davos, Ileana Desormais, Emanuele Di Angelantonio OHF, Sigrun, Halvorsen FDRH, Monika Hollander, Ewa A. Jankowska, Matthias Michal, Simona, Sacco0 NS, Lale Tokgozoglu et al. 2021 ESC Guidelines on cardiovascular disease prevention in clinical practice. Eur Heart J. 2021;42(3227):337.","Typo","Author names have typos"
"PMC12232073.pdf","post.zip/PMC12232073.pdf","22","23","not_found","Allan R. The entomological impact of spatial repellents for cutaneous leishmaniasis control in urban conflict displaced settings in North-West Syria. In preparation; 2025.","Paper not found","Title is completely different than what I find online"
"PMC12482040.pdf","post.zip/PMC12482040.pdf","23","24","not_found","Zhang F, Li Q, Yu F, et al. High virological suppression in treatment-naïve people with HIV-1 on ainuovirine-versus efavirenz-based antiretroviral regimen as initial therapy: effect of pretreatment NNRTI resistance from RACER trial, a multi-centre, randomized, active-controlled study. J Int AIDS Soc. 2024;27(Suppl 6):54–5.","Paper not found","Different title with similar words, and unable to find"
"PMC12506275.pdf","post.zip/PMC12506275.pdf","17","18","not_found","Shin C. Community-based KoGES-Ansan cohort past and future. Presented at: Korean Gerontological Society Annual Meeting; 2024 Oct 31; Suwon, Republic of Korea","Paper not found","Unable to find"